Timestamp,RMS,Natural_Freq,Freq_Shift,Damage_Index,Status,Mode
2025-10-02 19:43:07.462,0.019166,11.000,5.500,100.00,DAMAGED,ANALYSIS
2025-10-02 19:43:08.087,0.019321,11.000,5.500,100.00,DAMAGED,ANALYSIS
2025-10-02 19:43:08.668,0.019552,11.000,5.500,100.00,DAMAGED,ANALYSIS
2025-10-02 19:43:09.169,0.019411,11.000,5.500,100.00,DAMAGED,ANALYSIS
2025-10-02 19:43:09.663,0.018979,11.000,5.500,100.00,DAMAGED,ANALYSIS
2025-10-02 19:43:10.159,0.018703,11.000,5.500,100.00,DAMAGED,ANALYSIS
2025-10-02 19:43:10.688,0.018939,11.000,5.500,100.00,DAMAGED,ANALYSIS
2025-10-02 19:43:11.209,0.019306,11.000,5.500,100.00,DAMAGED,ANALYSIS
2025-10-02 19:43:11.723,0.018918,11.000,5.500,100.00,DAMAGED,ANALYSIS
2025-10-02 19:43:12.233,0.018585,11.000,5.500,100.00,DAMAGED,ANALYSIS
2025-10-02 19:43:12.763,0.018717,11.000,5.500,100.00,DAMAGED,ANALYSIS
2025-10-02 19:43:13.335,0.019209,11.000,5.500,100.00,DAMAGED,ANALYSIS
2025-10-02 19:43:14.311,0.019524,11.000,5.500,100.00,DAMAGED,ANALYSIS
2025-10-02 19:43:14.853,0.019402,11.000,5.500,100.00,DAMAGED,ANALYSIS
2025-10-02 19:43:15.358,0.019324,11.000,5.500,100.00,DAMAGED,ANALYSIS
2025-10-02 19:43:15.869,0.019605,11.000,5.500,100.00,DAMAGED,ANALYSIS
2025-10-02 19:43:16.405,0.020251,11.000,5.500,100.00,DAMAGED,ANALYSIS
2025-10-02 19:43:17.083,0.020380,11.000,5.500,100.00,DAMAGED,ANALYSIS
2025-10-02 19:43:17.886,0.020251,11.000,5.500,100.00,DAMAGED,ANALYSIS
2025-10-02 19:43:18.398,0.020283,11.000,5.500,100.00,DAMAGED,ANALYSIS
2025-10-02 19:43:18.918,0.020643,11.000,5.500,100.00,DAMAGED,ANALYSIS
2025-10-02 19:43:19.458,0.021285,11.000,5.500,100.00,DAMAGED,ANALYSIS
2025-10-02 19:43:19.975,0.021152,11.000,5.500,100.00,DAMAGED,ANALYSIS
2025-10-02 19:43:20.665,0.021083,11.000,5.500,100.00,DAMAGED,ANALYSIS
2025-10-02 19:43:21.484,0.021274,11.000,5.500,100.00,DAMAGED,ANALYSIS
2025-10-02 19:43:21.978,0.021876,11.000,5.500,100.00,DAMAGED,ANALYSIS
2025-10-02 19:43:22.535,0.021960,5.000,0.500,100.00,DAMAGED,ANALYSIS
2025-10-02 19:43:23.074,0.021738,5.000,0.500,100.00,DAMAGED,ANALYSIS
2025-10-02 19:43:23.600,0.021942,5.000,0.500,100.00,DAMAGED,ANALYSIS
2025-10-02 19:43:24.423,0.022220,5.000,0.500,100.00,DAMAGED,ANALYSIS
2025-10-02 19:43:24.938,0.022885,5.000,0.500,100.00,DAMAGED,ANALYSIS
2025-10-02 19:43:25.450,0.022510,5.000,0.500,100.00,DAMAGED,ANALYSIS
2025-10-02 19:43:25.973,0.022198,5.000,0.500,100.00,DAMAGED,ANALYSIS
2025-10-02 19:43:26.471,0.022424,5.000,0.500,100.00,DAMAGED,ANALYSIS
2025-10-02 19:43:27.128,0.022961,6.000,0.500,100.00,DAMAGED,ANALYSIS
2025-10-02 19:43:27.880,0.023181,6.000,0.500,100.00,DAMAGED,ANALYSIS
2025-10-02 19:43:28.382,0.022798,6.000,0.500,100.00,DAMAGED,ANALYSIS
2025-10-02 19:43:28.901,0.022655,6.000,0.500,100.00,DAMAGED,ANALYSIS
2025-10-02 19:43:29.423,0.022700,6.000,0.500,100.00,DAMAGED,ANALYSIS
2025-10-02 19:43:29.967,0.023382,5.000,0.500,100.00,DAMAGED,ANALYSIS
2025-10-02 19:43:30.874,0.023260,5.000,0.500,100.00,DAMAGED,ANALYSIS
2025-10-02 19:43:31.405,0.022724,5.000,0.500,100.00,DAMAGED,ANALYSIS
2025-10-02 19:43:31.883,0.022778,5.000,0.500,100.00,DAMAGED,ANALYSIS
2025-10-02 19:43:32.387,0.023124,5.000,0.500,100.00,DAMAGED,ANALYSIS
2025-10-02 19:43:32.889,0.023511,5.000,0.500,100.00,DAMAGED,ANALYSIS
2025-10-02 19:43:33.416,0.023131,5.000,0.500,100.00,DAMAGED,ANALYSIS
2025-10-02 19:43:34.154,0.022665,5.000,0.500,100.00,DAMAGED,ANALYSIS
2025-10-02 19:43:34.624,0.023086,5.000,0.500,100.00,DAMAGED,ANALYSIS
2025-10-02 19:43:35.099,0.023676,5.000,0.500,100.00,DAMAGED,ANALYSIS
2025-10-02 19:43:35.578,0.023515,5.000,0.500,100.00,DAMAGED,ANALYSIS
2025-10-02 19:43:36.064,0.022958,6.000,0.500,100.00,DAMAGED,ANALYSIS
2025-10-02 19:43:36.634,0.022838,6.000,0.500,100.00,DAMAGED,ANALYSIS
2025-10-02 19:43:38.744,0.023312,6.000,0.500,100.00,DAMAGED,ANALYSIS
2025-10-02 19:43:40.174,0.023311,6.000,0.500,100.00,DAMAGED,ANALYSIS
2025-10-02 19:43:41.278,0.022940,6.000,0.500,100.00,DAMAGED,ANALYSIS
2025-10-02 19:43:42.279,0.022235,6.000,0.500,100.00,DAMAGED,ANALYSIS
2025-10-02 19:43:43.254,0.022655,6.000,0.500,100.00,DAMAGED,ANALYSIS
2025-10-02 19:43:44.181,0.023058,6.000,0.500,100.00,DAMAGED,ANALYSIS
2025-10-02 19:43:44.724,0.022951,6.000,0.500,100.00,DAMAGED,ANALYSIS
2025-10-02 19:43:45.266,0.022355,6.000,0.500,100.00,DAMAGED,ANALYSIS
2025-10-02 19:43:45.805,0.022197,6.000,0.500,100.00,DAMAGED,ANALYSIS
2025-10-02 19:43:46.332,0.022532,6.000,0.500,100.00,DAMAGED,ANALYSIS
2025-10-02 19:43:46.873,0.022608,6.000,0.500,100.00,DAMAGED,ANALYSIS
2025-10-02 19:43:47.540,0.022455,6.000,0.500,100.00,DAMAGED,ANALYSIS
2025-10-02 19:43:48.469,0.021756,6.000,0.500,100.00,DAMAGED,ANALYSIS
2025-10-02 19:43:49.193,0.021729,6.000,0.500,100.00,DAMAGED,ANALYSIS
2025-10-02 19:43:49.870,0.022051,6.000,0.500,100.00,DAMAGED,ANALYSIS
2025-10-02 19:43:50.526,0.021839,6.000,0.500,100.00,DAMAGED,ANALYSIS
2025-10-02 19:43:51.277,0.021462,6.000,0.500,100.00,DAMAGED,ANALYSIS
2025-10-02 19:43:51.818,0.020970,6.000,0.500,100.00,DAMAGED,ANALYSIS
2025-10-02 19:43:52.292,0.021343,6.000,0.500,100.00,DAMAGED,ANALYSIS
2025-10-02 19:43:52.766,0.021498,5.000,0.500,100.00,DAMAGED,ANALYSIS
2025-10-02 19:43:53.255,0.021071,5.000,0.500,100.00,DAMAGED,ANALYSIS
2025-10-02 19:43:53.720,0.020615,5.000,0.500,100.00,DAMAGED,ANALYSIS
2025-10-02 19:43:54.192,0.020709,5.000,0.500,100.00,DAMAGED,ANALYSIS
2025-10-02 19:43:54.662,0.021186,11.000,5.500,100.00,DAMAGED,ANALYSIS
2025-10-02 19:43:55.129,0.021254,11.000,5.500,100.00,DAMAGED,ANALYSIS
2025-10-02 19:43:55.600,0.020782,11.000,5.500,100.00,DAMAGED,ANALYSIS
2025-10-02 19:43:56.085,0.020641,11.000,5.500,100.00,DAMAGED,ANALYSIS
2025-10-02 19:43:56.562,0.020779,11.000,5.500,100.00,DAMAGED,ANALYSIS
2025-10-02 19:43:57.038,0.021393,11.000,5.500,100.00,DAMAGED,ANALYSIS
2025-10-02 19:43:57.611,0.021005,11.000,5.500,100.00,DAMAGED,ANALYSIS
2025-10-02 19:43:58.115,0.020730,11.000,5.500,100.00,DAMAGED,ANALYSIS
2025-10-02 19:43:58.580,0.020623,11.000,5.500,100.00,DAMAGED,ANALYSIS
2025-10-02 19:43:59.442,0.020980,11.000,5.500,100.00,DAMAGED,ANALYSIS
2025-10-02 19:43:59.918,0.021196,11.000,5.500,100.00,DAMAGED,ANALYSIS
2025-10-02 19:44:00.518,0.020724,11.000,5.500,100.00,DAMAGED,ANALYSIS
2025-10-02 19:44:01.046,0.020710,11.000,5.500,100.00,DAMAGED,ANALYSIS
2025-10-02 19:44:01.534,0.020754,11.000,5.500,100.00,DAMAGED,ANALYSIS
2025-10-02 19:44:02.023,0.021519,11.000,5.500,100.00,DAMAGED,ANALYSIS
2025-10-02 19:44:02.489,0.021748,11.000,5.500,100.00,DAMAGED,ANALYSIS
2025-10-02 19:44:02.969,0.021477,11.000,5.500,100.00,DAMAGED,ANALYSIS
2025-10-02 19:44:03.494,0.021567,11.000,5.500,100.00,DAMAGED,ANALYSIS
2025-10-02 19:44:04.011,0.021689,11.000,5.500,100.00,DAMAGED,ANALYSIS
2025-10-02 19:44:04.553,0.022742,11.000,5.500,100.00,DAMAGED,ANALYSIS
2025-10-02 19:44:05.081,0.022394,11.000,5.500,100.00,DAMAGED,ANALYSIS
2025-10-02 19:44:05.609,0.022492,11.000,5.500,100.00,DAMAGED,ANALYSIS
2025-10-02 19:44:06.135,0.022640,11.000,5.500,100.00,DAMAGED,ANALYSIS
2025-10-02 19:44:06.886,0.023195,11.000,5.500,100.00,DAMAGED,ANALYSIS
2025-10-02 19:44:07.441,0.023883,11.000,5.500,100.00,DAMAGED,ANALYSIS
2025-10-02 19:44:08.037,0.023407,11.000,5.500,100.00,DAMAGED,ANALYSIS
2025-10-02 19:44:08.784,0.023553,11.000,5.500,100.00,DAMAGED,ANALYSIS
2025-10-02 19:44:09.674,0.023708,11.000,5.500,100.00,DAMAGED,ANALYSIS
2025-10-02 19:44:10.240,0.024482,11.000,5.500,100.00,DAMAGED,ANALYSIS
2025-10-02 19:44:10.727,0.024711,5.000,0.500,100.00,DAMAGED,ANALYSIS
2025-10-02 19:44:11.222,0.024291,5.000,0.500,100.00,DAMAGED,ANALYSIS
2025-10-02 19:44:11.709,0.024420,5.000,0.500,100.00,DAMAGED,ANALYSIS
2025-10-02 19:44:12.705,0.024609,5.000,0.500,100.00,DAMAGED,ANALYSIS
2025-10-02 19:44:13.263,0.025444,5.000,0.500,100.00,DAMAGED,ANALYSIS
2025-10-02 19:44:13.795,0.025051,5.000,0.500,100.00,DAMAGED,ANALYSIS
2025-10-02 19:44:14.291,0.024897,5.000,0.500,100.00,DAMAGED,ANALYSIS
2025-10-02 19:44:14.805,0.024923,5.000,0.500,100.00,DAMAGED,ANALYSIS
2025-10-02 19:44:15.376,0.025564,5.000,0.500,100.00,DAMAGED,ANALYSIS
2025-10-02 19:44:16.614,0.025876,5.000,0.500,100.00,DAMAGED,ANALYSIS
2025-10-02 19:44:17.225,0.025355,5.000,0.500,100.00,DAMAGED,ANALYSIS
2025-10-02 19:44:18.116,0.025135,5.000,0.500,100.00,DAMAGED,ANALYSIS
2025-10-02 19:44:19.641,0.025360,5.000,0.500,100.00,DAMAGED,ANALYSIS
2025-10-02 19:44:20.295,0.025966,5.000,0.500,100.00,DAMAGED,ANALYSIS
2025-10-02 19:44:20.853,0.025733,11.000,5.500,100.00,DAMAGED,ANALYSIS
2025-10-02 19:44:21.417,0.025002,11.000,5.500,100.00,DAMAGED,ANALYSIS
2025-10-02 19:44:22.482,0.024795,11.000,5.500,100.00,DAMAGED,ANALYSIS
2025-10-02 19:44:23.246,0.024760,11.000,5.500,100.00,DAMAGED,ANALYSIS
2025-10-02 19:44:23.800,0.024923,11.000,5.500,100.00,DAMAGED,ANALYSIS
2025-10-02 19:44:24.407,0.024179,11.000,5.500,100.00,DAMAGED,ANALYSIS
2025-10-02 19:44:24.965,0.023578,11.000,5.500,100.00,DAMAGED,ANALYSIS
2025-10-02 19:44:25.538,0.023425,11.000,5.500,100.00,DAMAGED,ANALYSIS
2025-10-02 19:44:26.329,0.023352,11.000,5.500,100.00,DAMAGED,ANALYSIS
2025-10-02 19:44:26.941,0.023022,11.000,5.500,100.00,DAMAGED,ANALYSIS
2025-10-02 19:44:27.485,0.022103,11.000,5.500,100.00,DAMAGED,ANALYSIS
2025-10-02 19:44:28.021,0.021581,11.000,5.500,100.00,DAMAGED,ANALYSIS
2025-10-02 19:44:28.520,0.021062,11.000,5.500,100.00,DAMAGED,ANALYSIS
2025-10-02 19:44:29.020,0.020602,11.000,5.500,100.00,DAMAGED,ANALYSIS
2025-10-02 19:44:30.155,0.019786,11.000,5.500,100.00,DAMAGED,ANALYSIS
2025-10-02 19:44:30.720,0.018879,11.000,5.500,100.00,DAMAGED,ANALYSIS
2025-10-02 19:44:31.502,0.018581,11.000,5.500,100.00,DAMAGED,ANALYSIS
2025-10-02 19:44:32.303,0.017923,11.000,5.500,100.00,DAMAGED,ANALYSIS
2025-10-02 19:44:33.594,0.017652,11.000,5.500,100.00,DAMAGED,ANALYSIS
2025-10-02 19:44:34.214,0.016469,11.000,5.500,100.00,DAMAGED,ANALYSIS
2025-10-02 19:44:34.860,0.015919,11.000,5.500,100.00,DAMAGED,ANALYSIS
2025-10-02 19:44:35.663,0.015374,11.000,5.500,100.00,DAMAGED,ANALYSIS
2025-10-02 19:44:37.812,0.015279,11.000,5.500,100.00,DAMAGED,ANALYSIS
2025-10-02 19:44:38.676,0.014814,11.000,5.500,100.00,DAMAGED,ANALYSIS
2025-10-02 19:44:39.416,0.014001,2.000,3.500,100.00,DAMAGED,ANALYSIS
2025-10-02 19:44:40.272,0.014000,2.000,3.500,100.00,DAMAGED,ANALYSIS
2025-10-02 19:44:41.233,0.013466,2.000,3.500,100.00,DAMAGED,ANALYSIS
2025-10-02 19:44:41.843,0.013689,2.000,3.500,100.00,DAMAGED,ANALYSIS
2025-10-02 19:44:42.365,0.013106,2.000,3.500,100.00,DAMAGED,ANALYSIS
2025-10-02 19:44:42.927,0.012679,12.000,6.500,100.00,DAMAGED,ANALYSIS
2025-10-02 19:44:43.830,0.012700,11.000,5.500,100.00,DAMAGED,ANALYSIS
2025-10-02 19:44:44.371,0.012192,11.000,5.500,100.00,DAMAGED,ANALYSIS
2025-10-02 19:44:44.886,0.012318,11.000,5.500,100.00,DAMAGED,ANALYSIS
2025-10-02 19:44:45.403,0.011845,11.000,5.500,100.00,DAMAGED,ANALYSIS
2025-10-02 19:44:45.929,0.011949,11.000,5.500,100.00,DAMAGED,ANALYSIS
2025-10-02 19:44:46.463,0.012099,11.000,5.500,100.00,DAMAGED,ANALYSIS
2025-10-02 19:44:47.388,0.012191,11.000,5.500,100.00,DAMAGED,ANALYSIS
2025-10-02 19:44:47.940,0.012619,10.000,4.500,100.00,DAMAGED,ANALYSIS
2025-10-02 19:44:48.559,0.012960,10.000,4.500,100.00,DAMAGED,ANALYSIS
2025-10-02 19:44:49.244,0.013915,10.000,4.500,100.00,DAMAGED,ANALYSIS
2025-10-02 19:44:49.832,0.014001,10.000,4.500,100.00,DAMAGED,ANALYSIS
2025-10-02 19:44:50.853,0.014412,10.000,4.500,100.00,DAMAGED,ANALYSIS
2025-10-02 19:44:51.397,0.014802,10.000,4.500,100.00,DAMAGED,ANALYSIS
2025-10-02 19:44:51.959,0.015706,10.000,4.500,100.00,DAMAGED,ANALYSIS
2025-10-02 19:44:52.505,0.016860,10.000,4.500,100.00,DAMAGED,ANALYSIS
2025-10-02 19:44:53.035,0.017212,11.000,5.500,100.00,DAMAGED,ANALYSIS
2025-10-02 19:44:54.163,0.017737,11.000,5.500,100.00,DAMAGED,ANALYSIS
2025-10-02 19:44:54.752,0.018056,11.000,5.500,100.00,DAMAGED,ANALYSIS
2025-10-02 19:44:55.270,0.019171,11.000,5.500,100.00,DAMAGED,ANALYSIS
2025-10-02 19:44:55.833,0.019813,11.000,5.500,100.00,DAMAGED,ANALYSIS
2025-10-02 19:44:56.375,0.020370,11.000,5.500,100.00,DAMAGED,ANALYSIS
2025-10-02 19:44:57.186,0.020848,11.000,5.500,100.00,DAMAGED,ANALYSIS
2025-10-02 19:44:57.987,0.021664,11.000,5.500,100.00,DAMAGED,ANALYSIS
2025-10-02 19:44:58.529,0.023013,11.000,5.500,100.00,DAMAGED,ANALYSIS
2025-10-02 19:44:59.106,0.023455,11.000,5.500,100.00,DAMAGED,ANALYSIS
2025-10-02 19:44:59.659,0.023845,11.000,5.500,100.00,DAMAGED,ANALYSIS
2025-10-02 19:45:00.218,0.024724,11.000,5.500,100.00,DAMAGED,ANALYSIS
2025-10-02 19:45:01.016,0.025820,11.000,5.500,100.00,DAMAGED,ANALYSIS
2025-10-02 19:45:01.531,0.026586,11.000,5.500,100.00,DAMAGED,ANALYSIS
2025-10-02 19:45:02.048,0.026791,11.000,5.500,100.00,DAMAGED,ANALYSIS
2025-10-02 19:45:02.568,0.026908,11.000,5.500,100.00,DAMAGED,ANALYSIS
2025-10-02 19:45:03.069,0.027553,6.000,0.500,100.00,DAMAGED,ANALYSIS
2025-10-02 19:45:03.598,0.028329,6.000,0.500,100.00,DAMAGED,ANALYSIS
2025-10-02 19:45:04.159,0.028556,6.000,0.500,100.00,DAMAGED,ANALYSIS
2025-10-02 19:45:04.682,0.028231,6.000,0.500,100.00,DAMAGED,ANALYSIS
2025-10-02 19:45:05.202,0.028389,6.000,0.500,100.00,DAMAGED,ANALYSIS
2025-10-02 19:45:05.737,0.029106,6.000,0.500,100.00,DAMAGED,ANALYSIS
2025-10-02 19:45:06.240,0.029497,6.000,0.500,100.00,DAMAGED,ANALYSIS
2025-10-02 19:45:06.768,0.029135,6.000,0.500,100.00,DAMAGED,ANALYSIS
2025-10-02 19:45:07.296,0.028398,6.000,0.500,100.00,DAMAGED,ANALYSIS
2025-10-02 19:45:07.827,0.028730,6.000,0.500,100.00,DAMAGED,ANALYSIS
2025-10-02 19:45:08.372,0.029253,5.000,0.500,100.00,DAMAGED,ANALYSIS
2025-10-02 19:45:08.909,0.029001,5.000,0.500,100.00,DAMAGED,ANALYSIS
2025-10-02 19:45:09.430,0.028179,5.000,0.500,100.00,DAMAGED,ANALYSIS
2025-10-02 19:45:09.937,0.027754,5.000,0.500,100.00,DAMAGED,ANALYSIS
2025-10-02 19:45:10.447,0.027981,11.000,5.500,100.00,DAMAGED,ANALYSIS
2025-10-02 19:45:10.960,0.028140,11.000,5.500,100.00,DAMAGED,ANALYSIS
2025-10-02 19:45:11.464,0.027594,11.000,5.500,100.00,DAMAGED,ANALYSIS
2025-10-02 19:45:12.073,0.026578,11.000,5.500,100.00,DAMAGED,ANALYSIS
2025-10-02 19:45:12.836,0.026689,11.000,5.500,100.00,DAMAGED,ANALYSIS
2025-10-02 19:45:13.516,0.027124,11.000,5.500,100.00,DAMAGED,ANALYSIS
2025-10-02 19:45:14.154,0.026675,11.000,5.500,100.00,DAMAGED,ANALYSIS
2025-10-02 19:45:14.959,0.025882,11.000,5.500,100.00,DAMAGED,ANALYSIS
2025-10-02 19:45:15.740,0.025384,11.000,5.500,100.00,DAMAGED,ANALYSIS
2025-10-02 19:45:16.412,0.025906,11.000,5.500,100.00,DAMAGED,ANALYSIS
2025-10-02 19:45:17.029,0.026273,11.000,5.500,100.00,DAMAGED,ANALYSIS
2025-10-02 19:45:17.635,0.025952,11.000,5.500,100.00,DAMAGED,ANALYSIS
2025-10-02 19:45:18.782,0.025272,11.000,5.500,100.00,DAMAGED,ANALYSIS
2025-10-02 19:45:19.463,0.025563,11.000,5.500,100.00,DAMAGED,ANALYSIS
2025-10-02 19:45:20.202,0.026183,11.000,5.500,100.00,DAMAGED,ANALYSIS
2025-10-02 19:45:20.990,0.026373,11.000,5.500,100.00,DAMAGED,ANALYSIS
2025-10-02 19:45:21.997,0.025965,11.000,5.500,100.00,DAMAGED,ANALYSIS
2025-10-02 19:45:22.715,0.025755,11.000,5.500,100.00,DAMAGED,ANALYSIS
2025-10-02 19:45:23.393,0.026188,11.000,5.500,100.00,DAMAGED,ANALYSIS
2025-10-02 19:45:24.033,0.026919,11.000,5.500,100.00,DAMAGED,ANALYSIS
2025-10-02 19:45:24.679,0.026486,11.000,5.500,100.00,DAMAGED,ANALYSIS
2025-10-02 19:45:25.200,0.026130,11.000,5.500,100.00,DAMAGED,ANALYSIS
2025-10-02 19:45:25.722,0.026301,11.000,5.500,100.00,DAMAGED,ANALYSIS
2025-10-02 19:45:26.402,0.027038,11.000,5.500,100.00,DAMAGED,ANALYSIS
2025-10-02 19:45:26.913,0.027217,11.000,5.500,100.00,DAMAGED,ANALYSIS
2025-10-02 19:45:27.469,0.026645,11.000,5.500,100.00,DAMAGED,ANALYSIS
2025-10-02 19:45:27.980,0.026367,11.000,5.500,100.00,DAMAGED,ANALYSIS
2025-10-02 19:45:28.488,0.026445,11.000,5.500,100.00,DAMAGED,ANALYSIS
2025-10-02 19:45:28.990,0.027146,11.000,5.500,100.00,DAMAGED,ANALYSIS
2025-10-02 19:45:29.498,0.026538,11.000,5.500,100.00,DAMAGED,ANALYSIS
2025-10-02 19:45:30.004,0.025918,11.000,5.500,100.00,DAMAGED,ANALYSIS
2025-10-02 19:45:30.528,0.025793,11.000,5.500,100.00,DAMAGED,ANALYSIS
2025-10-02 19:45:31.087,0.026250,11.000,5.500,100.00,DAMAGED,ANALYSIS
2025-10-02 19:45:31.669,0.026488,11.000,5.500,100.00,DAMAGED,ANALYSIS
2025-10-02 19:45:32.209,0.025803,11.000,5.500,100.00,DAMAGED,ANALYSIS
2025-10-02 19:45:32.730,0.025345,11.000,5.500,100.00,DAMAGED,ANALYSIS
2025-10-02 19:45:33.311,0.025317,11.000,5.500,100.00,DAMAGED,ANALYSIS
2025-10-02 19:45:34.310,0.025864,11.000,5.500,100.00,DAMAGED,ANALYSIS
2025-10-02 19:45:34.841,0.025339,11.000,5.500,100.00,DAMAGED,ANALYSIS
2025-10-02 19:45:35.385,0.024624,11.000,5.500,100.00,DAMAGED,ANALYSIS
2025-10-02 19:45:35.993,0.024458,11.000,5.500,100.00,DAMAGED,ANALYSIS
2025-10-02 19:45:37.157,0.024445,11.000,5.500,100.00,DAMAGED,ANALYSIS
2025-10-02 19:45:38.120,0.024880,11.000,5.500,100.00,DAMAGED,ANALYSIS
2025-10-02 19:45:38.726,0.024069,11.000,5.500,100.00,DAMAGED,ANALYSIS
2025-10-02 19:45:39.318,0.023525,11.000,5.500,100.00,DAMAGED,ANALYSIS
2025-10-02 19:45:40.211,0.023480,11.000,5.500,100.00,DAMAGED,ANALYSIS
2025-10-02 19:45:40.795,0.023684,11.000,5.500,100.00,DAMAGED,ANALYSIS
2025-10-02 19:45:41.390,0.023661,11.000,5.500,100.00,DAMAGED,ANALYSIS
2025-10-02 19:45:42.039,0.022735,11.000,5.500,100.00,DAMAGED,ANALYSIS
2025-10-02 19:45:42.788,0.022645,11.000,5.500,100.00,DAMAGED,ANALYSIS
2025-10-02 19:45:43.775,0.022442,11.000,5.500,100.00,DAMAGED,ANALYSIS
2025-10-02 19:45:44.410,0.023043,11.000,5.500,100.00,DAMAGED,ANALYSIS
2025-10-02 19:45:45.036,0.022470,11.000,5.500,100.00,DAMAGED,ANALYSIS
2025-10-02 19:45:45.623,0.021949,11.000,5.500,100.00,DAMAGED,ANALYSIS
2025-10-02 19:45:46.469,0.022139,11.000,5.500,100.00,DAMAGED,ANALYSIS
2025-10-02 19:45:47.086,0.022151,11.000,5.500,100.00,DAMAGED,ANALYSIS
2025-10-02 19:45:47.670,0.022853,11.000,5.500,100.00,DAMAGED,ANALYSIS
2025-10-02 19:45:48.290,0.021940,11.000,5.500,100.00,DAMAGED,ANALYSIS
2025-10-02 19:45:48.894,0.021860,11.000,5.500,100.00,DAMAGED,ANALYSIS
2025-10-02 19:45:49.486,0.021816,11.000,5.500,100.00,DAMAGED,ANALYSIS
2025-10-02 19:45:50.122,0.022389,11.000,5.500,100.00,DAMAGED,ANALYSIS
2025-10-02 19:45:50.727,0.022660,11.000,5.500,100.00,DAMAGED,ANALYSIS
2025-10-02 19:45:51.365,0.022056,11.000,5.500,100.00,DAMAGED,ANALYSIS
2025-10-02 19:45:52.038,0.022263,11.000,5.500,100.00,DAMAGED,ANALYSIS
2025-10-02 19:45:52.708,0.022416,11.000,5.500,100.00,DAMAGED,ANALYSIS
2025-10-02 19:45:53.371,0.023303,11.000,5.500,100.00,DAMAGED,ANALYSIS
2025-10-02 19:45:54.051,0.022934,11.000,5.500,100.00,DAMAGED,ANALYSIS
2025-10-02 19:45:54.957,0.022699,11.000,5.500,100.00,DAMAGED,ANALYSIS
2025-10-02 19:45:55.751,0.022869,11.000,5.500,100.00,DAMAGED,ANALYSIS
2025-10-02 19:45:56.496,0.023427,11.000,5.500,100.00,DAMAGED,ANALYSIS
2025-10-02 19:45:57.259,0.024125,11.000,5.500,100.00,DAMAGED,ANALYSIS
2025-10-02 19:45:57.897,0.023569,11.000,5.500,100.00,DAMAGED,ANALYSIS
2025-10-02 19:45:59.071,0.023656,11.000,5.500,100.00,DAMAGED,ANALYSIS
2025-10-02 19:46:00.362,0.023692,11.000,5.500,100.00,DAMAGED,ANALYSIS
2025-10-02 19:46:01.081,0.024294,11.000,5.500,100.00,DAMAGED,ANALYSIS
2025-10-02 19:46:01.923,0.024415,11.000,5.500,100.00,DAMAGED,ANALYSIS
2025-10-02 19:46:02.605,0.023976,11.000,5.500,100.00,DAMAGED,ANALYSIS
2025-10-02 19:46:03.324,0.024217,11.000,5.500,100.00,DAMAGED,ANALYSIS
2025-10-02 19:46:04.000,0.024389,11.000,5.500,100.00,DAMAGED,ANALYSIS
2025-10-02 19:46:04.656,0.024930,11.000,5.500,100.00,DAMAGED,ANALYSIS
2025-10-02 19:46:06.115,0.024606,11.000,5.500,100.00,DAMAGED,ANALYSIS
2025-10-02 19:46:06.989,0.024245,11.000,5.500,100.00,DAMAGED,ANALYSIS
2025-10-02 19:46:07.762,0.024289,11.000,5.500,100.00,DAMAGED,ANALYSIS
2025-10-02 19:46:08.545,0.024805,11.000,5.500,100.00,DAMAGED,ANALYSIS
2025-10-02 19:46:09.519,0.024924,11.000,5.500,100.00,DAMAGED,ANALYSIS
2025-10-02 19:46:10.470,0.024362,11.000,5.500,100.00,DAMAGED,ANALYSIS
2025-10-02 19:46:11.111,0.023952,11.000,5.500,100.00,DAMAGED,ANALYSIS
2025-10-02 19:46:11.759,0.024157,11.000,5.500,100.00,DAMAGED,ANALYSIS
2025-10-02 19:46:12.313,0.024909,11.000,5.500,100.00,DAMAGED,ANALYSIS
2025-10-02 19:46:12.965,0.024543,11.000,5.500,100.00,DAMAGED,ANALYSIS
2025-10-02 19:46:13.584,0.023746,11.000,5.500,100.00,DAMAGED,ANALYSIS
2025-10-02 19:46:14.164,0.023621,11.000,5.500,100.00,DAMAGED,ANALYSIS
2025-10-02 19:46:14.725,0.024122,11.000,5.500,100.00,DAMAGED,ANALYSIS
2025-10-02 19:46:15.288,0.024374,11.000,5.500,100.00,DAMAGED,ANALYSIS
2025-10-02 19:46:15.856,0.023753,11.000,5.500,100.00,DAMAGED,ANALYSIS
2025-10-02 19:46:16.421,0.023010,11.000,5.500,100.00,DAMAGED,ANALYSIS
2025-10-02 19:46:17.600,0.023338,11.000,5.500,100.00,DAMAGED,ANALYSIS
2025-10-02 19:46:18.217,0.023875,11.000,5.500,100.00,DAMAGED,ANALYSIS
2025-10-02 19:46:18.785,0.023835,11.000,5.500,100.00,DAMAGED,ANALYSIS
2025-10-02 19:46:19.327,0.023233,11.000,5.500,100.00,DAMAGED,ANALYSIS
2025-10-02 19:46:20.516,0.023046,11.000,5.500,100.00,DAMAGED,ANALYSIS
2025-10-02 19:46:21.869,0.023586,11.000,5.500,100.00,DAMAGED,ANALYSIS
2025-10-02 19:46:22.598,0.023909,11.000,5.500,100.00,DAMAGED,ANALYSIS
2025-10-02 19:46:23.198,0.023593,11.000,5.500,100.00,DAMAGED,ANALYSIS
2025-10-02 19:46:23.808,0.022984,11.000,5.500,100.00,DAMAGED,ANALYSIS
2025-10-02 19:46:24.887,0.023409,11.000,5.500,100.00,DAMAGED,ANALYSIS
2025-10-02 19:46:25.485,0.023964,11.000,5.500,100.00,DAMAGED,ANALYSIS
2025-10-02 19:46:26.092,0.024029,11.000,5.500,100.00,DAMAGED,ANALYSIS
2025-10-02 19:46:26.683,0.023581,11.000,5.500,100.00,DAMAGED,ANALYSIS
2025-10-02 19:46:27.288,0.023305,11.000,5.500,100.00,DAMAGED,ANALYSIS
2025-10-02 19:46:27.864,0.023823,11.000,5.500,100.00,DAMAGED,ANALYSIS
2025-10-02 19:46:28.468,0.023832,11.000,5.500,100.00,DAMAGED,ANALYSIS
2025-10-02 19:46:29.054,0.023703,11.000,5.500,100.00,DAMAGED,ANALYSIS
2025-10-02 19:46:29.738,0.022889,11.000,5.500,100.00,DAMAGED,ANALYSIS
2025-10-02 19:46:30.442,0.023256,11.000,5.500,100.00,DAMAGED,ANALYSIS
2025-10-02 19:46:31.368,0.023738,11.000,5.500,100.00,DAMAGED,ANALYSIS
2025-10-02 19:46:32.043,0.023688,11.000,5.500,100.00,DAMAGED,ANALYSIS
2025-10-02 19:46:32.646,0.023120,11.000,5.500,100.00,DAMAGED,ANALYSIS
2025-10-02 19:46:33.230,0.022800,11.000,5.500,100.00,DAMAGED,ANALYSIS
2025-10-02 19:46:33.911,0.023406,11.000,5.500,100.00,DAMAGED,ANALYSIS
2025-10-02 19:46:34.655,0.023508,11.000,5.500,100.00,DAMAGED,ANALYSIS
2025-10-02 19:46:35.359,0.023321,11.000,5.500,100.00,DAMAGED,ANALYSIS
2025-10-02 19:46:35.909,0.022467,11.000,5.500,100.00,DAMAGED,ANALYSIS
2025-10-02 19:46:36.448,0.022844,11.000,5.500,100.00,DAMAGED,ANALYSIS
2025-10-02 19:46:37.041,0.023311,11.000,5.500,100.00,DAMAGED,ANALYSIS
2025-10-02 19:46:37.562,0.023251,11.000,5.500,100.00,DAMAGED,ANALYSIS
2025-10-02 19:46:38.112,0.022710,11.000,5.500,100.00,DAMAGED,ANALYSIS
2025-10-02 19:46:38.667,0.022282,11.000,5.500,100.00,DAMAGED,ANALYSIS
2025-10-02 19:46:39.221,0.022990,11.000,5.500,100.00,DAMAGED,ANALYSIS
2025-10-02 19:46:39.807,0.023049,11.000,5.500,100.00,DAMAGED,ANALYSIS
2025-10-02 19:46:40.464,0.023052,11.000,5.500,100.00,DAMAGED,ANALYSIS
2025-10-02 19:46:41.319,0.022139,11.000,5.500,100.00,DAMAGED,ANALYSIS
2025-10-02 19:46:41.999,0.022634,11.000,5.500,100.00,DAMAGED,ANALYSIS
2025-10-02 19:46:42.803,0.022993,11.000,5.500,100.00,DAMAGED,ANALYSIS
2025-10-02 19:46:43.382,0.023055,11.000,5.500,100.00,DAMAGED,ANALYSIS
2025-10-02 19:46:43.991,0.022643,11.000,5.500,100.00,DAMAGED,ANALYSIS
2025-10-02 19:46:44.596,0.022588,11.000,5.500,100.00,DAMAGED,ANALYSIS
2025-10-02 19:46:45.295,0.023226,11.000,5.500,100.00,DAMAGED,ANALYSIS
2025-10-02 19:46:46.006,0.023294,11.000,5.500,100.00,DAMAGED,ANALYSIS
2025-10-02 19:46:46.680,0.023092,11.000,5.500,100.00,DAMAGED,ANALYSIS
2025-10-02 19:46:47.371,0.022502,11.000,5.500,100.00,DAMAGED,ANALYSIS
2025-10-02 19:46:48.067,0.022930,11.000,5.500,100.00,DAMAGED,ANALYSIS
2025-10-02 19:46:48.840,0.023265,11.000,5.500,100.00,DAMAGED,ANALYSIS
2025-10-02 19:46:49.615,0.023174,11.000,5.500,100.00,DAMAGED,ANALYSIS
2025-10-02 19:46:50.321,0.022581,11.000,5.500,100.00,DAMAGED,ANALYSIS
2025-10-02 19:46:50.913,0.022545,11.000,5.500,100.00,DAMAGED,ANALYSIS
2025-10-02 19:46:51.569,0.023257,11.000,5.500,100.00,DAMAGED,ANALYSIS
2025-10-02 19:46:52.428,0.023399,11.000,5.500,100.00,DAMAGED,ANALYSIS
2025-10-02 19:46:53.046,0.023161,11.000,5.500,100.00,DAMAGED,ANALYSIS
2025-10-02 19:46:53.978,0.022587,11.000,5.500,100.00,DAMAGED,ANALYSIS
2025-10-02 19:46:54.565,0.023173,11.000,5.500,100.00,DAMAGED,ANALYSIS
2025-10-02 19:46:55.294,0.023586,11.000,5.500,100.00,DAMAGED,ANALYSIS
2025-10-02 19:46:55.899,0.023578,11.000,5.500,100.00,DAMAGED,ANALYSIS
2025-10-02 19:46:56.481,0.022914,11.000,5.500,100.00,DAMAGED,ANALYSIS
2025-10-02 19:46:57.059,0.022860,11.000,5.500,100.00,DAMAGED,ANALYSIS
2025-10-02 19:46:58.180,0.023390,11.000,5.500,100.00,DAMAGED,ANALYSIS
2025-10-02 19:46:59.285,0.023567,11.000,5.500,100.00,DAMAGED,ANALYSIS
2025-10-02 19:47:00.150,0.023163,11.000,5.500,100.00,DAMAGED,ANALYSIS
2025-10-02 19:47:01.370,0.022505,11.000,5.500,100.00,DAMAGED,ANALYSIS
2025-10-02 19:47:02.030,0.023042,11.000,5.500,100.00,DAMAGED,ANALYSIS
2025-10-02 19:47:02.683,0.023519,11.000,5.500,100.00,DAMAGED,ANALYSIS
2025-10-02 19:47:03.322,0.023401,11.000,5.500,100.00,DAMAGED,ANALYSIS
2025-10-02 19:47:04.241,0.022696,11.000,5.500,100.00,DAMAGED,ANALYSIS
2025-10-02 19:47:05.448,0.022596,11.000,5.500,100.00,DAMAGED,ANALYSIS
2025-10-02 19:47:06.221,0.023324,11.000,5.500,100.00,DAMAGED,ANALYSIS
2025-10-02 19:47:07.116,0.023437,11.000,5.500,100.00,DAMAGED,ANALYSIS
2025-10-02 19:47:08.256,0.023337,11.000,5.500,100.00,DAMAGED,ANALYSIS
2025-10-02 19:47:08.962,0.022662,11.000,5.500,100.00,DAMAGED,ANALYSIS
2025-10-02 19:47:09.665,0.023017,11.000,5.500,100.00,DAMAGED,ANALYSIS
2025-10-02 19:47:10.364,0.023318,11.000,5.500,100.00,DAMAGED,ANALYSIS
2025-10-02 19:47:11.053,0.023199,11.000,5.500,100.00,DAMAGED,ANALYSIS
2025-10-02 19:47:11.754,0.022445,11.000,5.500,100.00,DAMAGED,ANALYSIS
2025-10-02 19:47:12.453,0.022169,11.000,5.500,100.00,DAMAGED,ANALYSIS
2025-10-02 19:47:13.241,0.022146,11.000,5.500,100.00,DAMAGED,ANALYSIS
2025-10-02 19:47:13.938,0.021884,11.000,5.500,100.00,DAMAGED,ANALYSIS
2025-10-02 19:47:14.627,0.021182,11.000,5.500,100.00,DAMAGED,ANALYSIS
2025-10-02 19:47:15.346,0.020250,11.000,5.500,100.00,DAMAGED,ANALYSIS
2025-10-02 19:47:16.033,0.019865,11.000,5.500,100.00,DAMAGED,ANALYSIS
2025-10-02 19:47:16.736,0.019271,11.000,5.500,100.00,DAMAGED,ANALYSIS
2025-10-02 19:47:17.445,0.018868,11.000,5.500,100.00,DAMAGED,ANALYSIS
2025-10-02 19:47:18.172,0.017479,11.000,5.500,100.00,DAMAGED,ANALYSIS
2025-10-02 19:47:18.875,0.016850,11.000,5.500,100.00,DAMAGED,ANALYSIS
2025-10-02 19:47:19.594,0.016340,11.000,5.500,100.00,DAMAGED,ANALYSIS
2025-10-02 19:47:20.352,0.016003,11.000,5.500,100.00,DAMAGED,ANALYSIS
2025-10-02 19:47:21.049,0.015060,11.000,5.500,100.00,DAMAGED,ANALYSIS
2025-10-02 19:47:21.725,0.013962,11.000,5.500,100.00,DAMAGED,ANALYSIS
2025-10-02 19:47:22.377,0.013689,11.000,5.500,100.00,DAMAGED,ANALYSIS
2025-10-02 19:47:22.999,0.013255,11.000,5.500,100.00,DAMAGED,ANALYSIS
2025-10-02 19:47:23.598,0.013184,2.000,3.500,100.00,DAMAGED,ANALYSIS
2025-10-02 19:47:24.202,0.012062,2.000,3.500,100.00,DAMAGED,ANALYSIS
2025-10-02 19:47:24.797,0.011670,2.000,3.500,100.00,DAMAGED,ANALYSIS
2025-10-02 19:47:25.415,0.011395,2.000,3.500,100.00,DAMAGED,ANALYSIS
2025-10-02 19:47:26.018,0.011309,2.000,3.500,100.00,DAMAGED,ANALYSIS
2025-10-02 19:47:26.654,0.011152,2.000,3.500,100.00,DAMAGED,ANALYSIS
2025-10-02 19:47:27.256,0.010483,2.000,3.500,100.00,DAMAGED,ANALYSIS
2025-10-02 19:47:27.904,0.010780,2.000,3.500,100.00,DAMAGED,ANALYSIS
2025-10-02 19:47:28.512,0.010858,10.000,4.500,100.00,DAMAGED,ANALYSIS
2025-10-02 19:47:29.106,0.011041,10.000,4.500,100.00,DAMAGED,ANALYSIS
2025-10-02 19:47:29.726,0.010991,10.000,4.500,100.00,DAMAGED,ANALYSIS
2025-10-02 19:47:30.349,0.011091,10.000,4.500,100.00,DAMAGED,ANALYSIS
2025-10-02 19:47:30.952,0.012034,10.000,4.500,100.00,DAMAGED,ANALYSIS
2025-10-02 19:47:31.559,0.012335,10.000,4.500,100.00,DAMAGED,ANALYSIS
2025-10-02 19:47:32.182,0.013063,10.000,4.500,100.00,DAMAGED,ANALYSIS
2025-10-02 19:47:32.791,0.013595,10.000,4.500,100.00,DAMAGED,ANALYSIS
2025-10-02 19:47:33.401,0.014204,10.000,4.500,100.00,DAMAGED,ANALYSIS
2025-10-02 19:47:34.004,0.015398,10.000,4.500,100.00,DAMAGED,ANALYSIS
2025-10-02 19:47:34.613,0.015759,11.000,5.500,100.00,DAMAGED,ANALYSIS
2025-10-02 19:47:35.233,0.016609,11.000,5.500,100.00,DAMAGED,ANALYSIS
2025-10-02 19:47:35.847,0.016983,11.000,5.500,100.00,DAMAGED,ANALYSIS
2025-10-02 19:47:36.654,0.017995,11.000,5.500,100.00,DAMAGED,ANALYSIS
2025-10-02 19:47:37.297,0.018840,11.000,5.500,100.00,DAMAGED,ANALYSIS
2025-10-02 19:47:37.923,0.019179,11.000,5.500,100.00,DAMAGED,ANALYSIS
2025-10-02 19:47:38.699,0.019670,11.000,5.500,100.00,DAMAGED,ANALYSIS
2025-10-02 19:47:39.553,0.019871,11.000,5.500,100.00,DAMAGED,ANALYSIS
2025-10-02 19:47:40.164,0.021030,11.000,5.500,100.00,DAMAGED,ANALYSIS
2025-10-02 19:47:40.802,0.021364,11.000,5.500,100.00,DAMAGED,ANALYSIS
2025-10-02 19:47:41.427,0.021578,11.000,5.500,100.00,DAMAGED,ANALYSIS
2025-10-02 19:47:42.609,0.021858,11.000,5.500,100.00,DAMAGED,ANALYSIS
2025-10-02 19:47:43.317,0.022128,11.000,5.500,100.00,DAMAGED,ANALYSIS
2025-10-02 19:47:44.061,0.023075,11.000,5.500,100.00,DAMAGED,ANALYSIS
2025-10-02 19:47:44.694,0.022721,11.000,5.500,100.00,DAMAGED,ANALYSIS
2025-10-02 19:47:45.606,0.022753,11.000,5.500,100.00,DAMAGED,ANALYSIS
2025-10-02 19:47:46.503,0.022616,11.000,5.500,100.00,DAMAGED,ANALYSIS
2025-10-02 19:47:47.130,0.023068,11.000,5.500,100.00,DAMAGED,ANALYSIS
2025-10-02 19:47:47.758,0.023563,11.000,5.500,100.00,DAMAGED,ANALYSIS
2025-10-02 19:47:48.374,0.022900,11.000,5.500,100.00,DAMAGED,ANALYSIS
2025-10-02 19:47:49.243,0.023150,11.000,5.500,100.00,DAMAGED,ANALYSIS
2025-10-02 19:47:49.861,0.022830,11.000,5.500,100.00,DAMAGED,ANALYSIS
2025-10-02 19:47:50.470,0.023385,11.000,5.500,100.00,DAMAGED,ANALYSIS
2025-10-02 19:47:51.098,0.023227,11.000,5.500,100.00,DAMAGED,ANALYSIS
2025-10-02 19:47:51.726,0.022818,11.000,5.500,100.00,DAMAGED,ANALYSIS
2025-10-02 19:47:52.338,0.023148,11.000,5.500,100.00,DAMAGED,ANALYSIS
2025-10-02 19:47:52.957,0.022768,11.000,5.500,100.00,DAMAGED,ANALYSIS
2025-10-02 19:47:53.567,0.023482,11.000,5.500,100.00,DAMAGED,ANALYSIS
2025-10-02 19:47:54.202,0.022641,11.000,5.500,100.00,DAMAGED,ANALYSIS
2025-10-02 19:47:54.821,0.022399,11.000,5.500,100.00,DAMAGED,ANALYSIS
2025-10-02 19:47:55.524,0.022409,11.000,5.500,100.00,DAMAGED,ANALYSIS
2025-10-02 19:47:56.131,0.022395,11.000,5.500,100.00,DAMAGED,ANALYSIS
2025-10-02 19:47:56.752,0.022743,11.000,5.500,100.00,DAMAGED,ANALYSIS
2025-10-02 19:47:57.367,0.021697,11.000,5.500,100.00,DAMAGED,ANALYSIS
2025-10-02 19:47:57.989,0.021729,11.000,5.500,100.00,DAMAGED,ANALYSIS
2025-10-02 19:47:58.621,0.021401,11.000,5.500,100.00,DAMAGED,ANALYSIS
2025-10-02 19:47:59.236,0.021630,11.000,5.500,100.00,DAMAGED,ANALYSIS
2025-10-02 19:47:59.846,0.021322,11.000,5.500,100.00,DAMAGED,ANALYSIS
2025-10-02 19:48:00.470,0.020442,11.000,5.500,100.00,DAMAGED,ANALYSIS
2025-10-02 19:48:01.096,0.020684,11.000,5.500,100.00,DAMAGED,ANALYSIS
2025-10-02 19:48:01.717,0.020208,11.000,5.500,100.00,DAMAGED,ANALYSIS
2025-10-02 19:48:02.327,0.020386,11.000,5.500,100.00,DAMAGED,ANALYSIS
2025-10-02 19:48:02.937,0.019861,11.000,5.500,100.00,DAMAGED,ANALYSIS
2025-10-02 19:48:03.552,0.019380,11.000,5.500,100.00,DAMAGED,ANALYSIS
2025-10-02 19:48:04.177,0.019334,10.000,4.500,100.00,DAMAGED,ANALYSIS
2025-10-02 19:48:04.808,0.018852,10.000,4.500,100.00,DAMAGED,ANALYSIS
2025-10-02 19:48:05.443,0.019119,10.000,4.500,100.00,DAMAGED,ANALYSIS
2025-10-02 19:48:06.060,0.018450,10.000,4.500,100.00,DAMAGED,ANALYSIS
2025-10-02 19:48:06.684,0.018352,10.000,4.500,100.00,DAMAGED,ANALYSIS
2025-10-02 19:48:07.311,0.018187,10.000,4.500,100.00,DAMAGED,ANALYSIS
2025-10-02 19:48:07.944,0.017868,10.000,4.500,100.00,DAMAGED,ANALYSIS
2025-10-02 19:48:08.571,0.018258,10.000,4.500,100.00,DAMAGED,ANALYSIS
2025-10-02 19:48:09.191,0.017304,10.000,4.500,100.00,DAMAGED,ANALYSIS
2025-10-02 19:48:09.810,0.017634,10.000,4.500,100.00,DAMAGED,ANALYSIS
2025-10-02 19:48:10.433,0.017362,10.000,4.500,100.00,DAMAGED,ANALYSIS
2025-10-02 19:48:11.051,0.017103,10.000,4.500,100.00,DAMAGED,ANALYSIS
2025-10-02 19:48:11.679,0.017038,10.000,4.500,100.00,DAMAGED,ANALYSIS
2025-10-02 19:48:12.293,0.016169,10.000,4.500,100.00,DAMAGED,ANALYSIS
2025-10-02 19:48:12.904,0.016212,10.000,4.500,100.00,DAMAGED,ANALYSIS
2025-10-02 19:48:13.522,0.015967,10.000,4.500,100.00,DAMAGED,ANALYSIS
2025-10-02 19:48:14.260,0.015742,10.000,4.500,100.00,DAMAGED,ANALYSIS
2025-10-02 19:48:14.967,0.015454,10.000,4.500,100.00,DAMAGED,ANALYSIS
2025-10-02 19:48:15.875,0.015082,10.000,4.500,100.00,DAMAGED,ANALYSIS
2025-10-02 19:48:16.638,0.015205,10.000,4.500,100.00,DAMAGED,ANALYSIS
2025-10-02 19:48:17.393,0.015030,10.000,4.500,100.00,DAMAGED,ANALYSIS
2025-10-02 19:48:18.224,0.015033,10.000,4.500,100.00,DAMAGED,ANALYSIS
2025-10-02 19:48:18.938,0.015223,10.000,4.500,100.00,DAMAGED,ANALYSIS
2025-10-02 19:48:19.713,0.014951,10.000,4.500,100.00,DAMAGED,ANALYSIS
2025-10-02 19:48:20.830,0.015128,10.000,4.500,100.00,DAMAGED,ANALYSIS
2025-10-02 19:48:21.525,0.014996,10.000,4.500,100.00,DAMAGED,ANALYSIS
2025-10-02 19:48:22.216,0.015210,10.000,4.500,100.00,DAMAGED,ANALYSIS
2025-10-02 19:48:22.881,0.015053,10.000,4.500,100.00,DAMAGED,ANALYSIS
2025-10-02 19:48:23.749,0.014842,10.000,4.500,100.00,DAMAGED,ANALYSIS
2025-10-02 19:48:24.633,0.015047,10.000,4.500,100.00,DAMAGED,ANALYSIS
2025-10-02 19:48:25.329,0.014795,10.000,4.500,100.00,DAMAGED,ANALYSIS
2025-10-02 19:48:25.985,0.014922,10.000,4.500,100.00,DAMAGED,ANALYSIS
2025-10-02 19:48:26.641,0.014745,10.000,4.500,100.00,DAMAGED,ANALYSIS
2025-10-02 19:48:27.282,0.014843,10.000,4.500,100.00,DAMAGED,ANALYSIS
2025-10-02 19:48:27.977,0.014906,10.000,4.500,100.00,DAMAGED,ANALYSIS
2025-10-02 19:48:28.700,0.014959,10.000,4.500,100.00,DAMAGED,ANALYSIS
2025-10-02 19:48:29.397,0.015745,10.000,4.500,100.00,DAMAGED,ANALYSIS
2025-10-02 19:48:30.242,0.015825,10.000,4.500,100.00,DAMAGED,ANALYSIS
2025-10-02 19:48:30.859,0.016287,10.000,4.500,100.00,DAMAGED,ANALYSIS
2025-10-02 19:48:31.632,0.016635,10.000,4.500,100.00,DAMAGED,ANALYSIS
2025-10-02 19:48:32.549,0.016909,10.000,4.500,100.00,DAMAGED,ANALYSIS
2025-10-02 19:48:33.449,0.018029,10.000,4.500,100.00,DAMAGED,ANALYSIS
2025-10-02 19:48:34.222,0.017842,10.000,4.500,100.00,DAMAGED,ANALYSIS
2025-10-02 19:48:35.187,0.018328,10.000,4.500,100.00,DAMAGED,ANALYSIS
2025-10-02 19:48:36.195,0.018424,10.000,4.500,100.00,DAMAGED,ANALYSIS
2025-10-02 19:48:36.816,0.018682,10.000,4.500,100.00,DAMAGED,ANALYSIS
2025-10-02 19:48:37.658,0.019380,11.000,5.500,100.00,DAMAGED,ANALYSIS
2025-10-02 19:48:38.327,0.018859,11.000,5.500,100.00,DAMAGED,ANALYSIS
2025-10-02 19:48:38.945,0.019301,11.000,5.500,100.00,DAMAGED,ANALYSIS
2025-10-02 19:48:39.799,0.019065,11.000,5.500,100.00,DAMAGED,ANALYSIS
2025-10-02 19:48:40.391,0.019580,11.000,5.500,100.00,DAMAGED,ANALYSIS
2025-10-02 19:48:41.024,0.020166,11.000,5.500,100.00,DAMAGED,ANALYSIS
2025-10-02 19:48:41.609,0.020165,11.000,5.500,100.00,DAMAGED,ANALYSIS
2025-10-02 19:48:42.190,0.020684,11.000,5.500,100.00,DAMAGED,ANALYSIS
2025-10-02 19:48:42.761,0.020749,11.000,5.500,100.00,DAMAGED,ANALYSIS
2025-10-02 19:48:43.329,0.021884,11.000,5.500,100.00,DAMAGED,ANALYSIS
2025-10-02 19:48:43.919,0.021995,11.000,5.500,100.00,DAMAGED,ANALYSIS
2025-10-02 19:48:44.522,0.022243,11.000,5.500,100.00,DAMAGED,ANALYSIS
2025-10-02 19:48:45.120,0.022831,11.000,5.500,100.00,DAMAGED,ANALYSIS
2025-10-02 19:48:45.730,0.023290,11.000,5.500,100.00,DAMAGED,ANALYSIS
2025-10-02 19:48:46.334,0.024203,11.000,5.500,100.00,DAMAGED,ANALYSIS
2025-10-02 19:48:46.923,0.023684,11.000,5.500,100.00,DAMAGED,ANALYSIS
2025-10-02 19:48:47.508,0.023945,11.000,5.500,100.00,DAMAGED,ANALYSIS
2025-10-02 19:48:48.593,0.024104,11.000,5.500,100.00,DAMAGED,ANALYSIS
2025-10-02 19:48:49.694,0.024907,11.000,5.500,100.00,DAMAGED,ANALYSIS
2025-10-02 19:48:50.525,0.025438,11.000,5.500,100.00,DAMAGED,ANALYSIS
2025-10-02 19:48:51.292,0.025022,11.000,5.500,100.00,DAMAGED,ANALYSIS
2025-10-02 19:48:52.186,0.025312,11.000,5.500,100.00,DAMAGED,ANALYSIS
2025-10-02 19:48:52.917,0.025666,11.000,5.500,100.00,DAMAGED,ANALYSIS
2025-10-02 19:48:53.550,0.026695,11.000,5.500,100.00,DAMAGED,ANALYSIS
2025-10-02 19:48:54.165,0.026635,11.000,5.500,100.00,DAMAGED,ANALYSIS
2025-10-02 19:48:54.745,0.026759,11.000,5.500,100.00,DAMAGED,ANALYSIS
2025-10-02 19:48:55.369,0.027174,11.000,5.500,100.00,DAMAGED,ANALYSIS
2025-10-02 19:48:55.976,0.027812,11.000,5.500,100.00,DAMAGED,ANALYSIS
2025-10-02 19:48:56.596,0.028626,11.000,5.500,100.00,DAMAGED,ANALYSIS
2025-10-02 19:48:57.184,0.028516,11.000,5.500,100.00,DAMAGED,ANALYSIS
2025-10-02 19:48:58.287,0.028299,11.000,5.500,100.00,DAMAGED,ANALYSIS
2025-10-02 19:48:58.887,0.028450,11.000,5.500,100.00,DAMAGED,ANALYSIS
2025-10-02 19:48:59.477,0.029137,11.000,5.500,100.00,DAMAGED,ANALYSIS
2025-10-02 19:49:00.098,0.029192,11.000,5.500,100.00,DAMAGED,ANALYSIS
2025-10-02 19:49:00.857,0.028460,11.000,5.500,100.00,DAMAGED,ANALYSIS
2025-10-02 19:49:02.226,0.028392,11.000,5.500,100.00,DAMAGED,ANALYSIS
2025-10-02 19:49:03.669,0.028634,11.000,5.500,100.00,DAMAGED,ANALYSIS
2025-10-02 19:49:05.351,0.028964,11.000,5.500,100.00,DAMAGED,ANALYSIS
2025-10-02 19:49:06.562,0.028612,11.000,5.500,100.00,DAMAGED,ANALYSIS
2025-10-02 19:49:07.654,0.027970,11.000,5.500,100.00,DAMAGED,ANALYSIS
2025-10-02 19:49:09.014,0.028137,11.000,5.500,100.00,DAMAGED,ANALYSIS
2025-10-02 19:49:10.444,0.028439,11.000,5.500,100.00,DAMAGED,ANALYSIS
2025-10-02 19:49:11.082,0.028288,11.000,5.500,100.00,DAMAGED,ANALYSIS
2025-10-02 19:49:11.679,0.027402,11.000,5.500,100.00,DAMAGED,ANALYSIS
2025-10-02 19:49:12.293,0.026534,11.000,5.500,100.00,DAMAGED,ANALYSIS
2025-10-02 19:49:12.885,0.026298,11.000,5.500,100.00,DAMAGED,ANALYSIS
2025-10-02 19:49:13.486,0.026111,11.000,5.500,100.00,DAMAGED,ANALYSIS
2025-10-02 19:49:14.085,0.025473,11.000,5.500,100.00,DAMAGED,ANALYSIS
2025-10-02 19:49:14.685,0.024164,11.000,5.500,100.00,DAMAGED,ANALYSIS
2025-10-02 19:49:15.306,0.023597,11.000,5.500,100.00,DAMAGED,ANALYSIS
2025-10-02 19:49:16.166,0.022539,11.000,5.500,100.00,DAMAGED,ANALYSIS
2025-10-02 19:49:16.813,0.021988,11.000,5.500,100.00,DAMAGED,ANALYSIS
2025-10-02 19:49:17.530,0.020755,11.000,5.500,100.00,DAMAGED,ANALYSIS
2025-10-02 19:49:18.282,0.019666,11.000,5.500,100.00,DAMAGED,ANALYSIS
2025-10-02 19:49:19.215,0.018945,11.000,5.500,100.00,DAMAGED,ANALYSIS
2025-10-02 19:49:20.306,0.018428,11.000,5.500,100.00,DAMAGED,ANALYSIS
2025-10-02 19:49:21.873,0.017916,11.000,5.500,100.00,DAMAGED,ANALYSIS
2025-10-02 19:49:22.840,0.016719,11.000,5.500,100.00,DAMAGED,ANALYSIS
2025-10-02 19:49:23.567,0.016464,11.000,5.500,100.00,DAMAGED,ANALYSIS
2025-10-02 19:49:24.198,0.016045,12.000,6.500,100.00,DAMAGED,ANALYSIS
2025-10-02 19:49:24.829,0.015949,2.000,3.500,100.00,DAMAGED,ANALYSIS
2025-10-02 19:49:25.489,0.014964,2.000,3.500,100.00,DAMAGED,ANALYSIS
2025-10-02 19:49:26.170,0.014349,2.000,3.500,100.00,DAMAGED,ANALYSIS
2025-10-02 19:49:26.978,0.014325,2.000,3.500,100.00,DAMAGED,ANALYSIS
2025-10-02 19:49:28.322,0.014006,2.000,3.500,100.00,DAMAGED,ANALYSIS
2025-10-02 19:49:29.366,0.013956,2.000,3.500,100.00,DAMAGED,ANALYSIS
2025-10-02 19:49:30.670,0.012994,2.000,3.500,100.00,DAMAGED,ANALYSIS
2025-10-02 19:49:31.454,0.013472,2.000,3.500,100.00,DAMAGED,ANALYSIS
2025-10-02 19:49:32.154,0.013365,10.000,4.500,100.00,DAMAGED,ANALYSIS
2025-10-02 19:49:33.585,0.013653,11.000,5.500,100.00,DAMAGED,ANALYSIS
2025-10-02 19:49:34.349,0.013623,11.000,5.500,100.00,DAMAGED,ANALYSIS
2025-10-02 19:49:35.023,0.013619,11.000,5.500,100.00,DAMAGED,ANALYSIS
2025-10-02 19:49:35.749,0.014414,11.000,5.500,100.00,DAMAGED,ANALYSIS
2025-10-02 19:49:36.892,0.014476,11.000,5.500,100.00,DAMAGED,ANALYSIS
2025-10-02 19:49:37.677,0.015121,11.000,5.500,100.00,DAMAGED,ANALYSIS
2025-10-02 19:49:39.059,0.015669,11.000,5.500,100.00,DAMAGED,ANALYSIS
2025-10-02 19:49:40.708,0.016064,11.000,5.500,100.00,DAMAGED,ANALYSIS
2025-10-02 19:49:41.767,0.016753,11.000,5.500,100.00,DAMAGED,ANALYSIS
2025-10-02 19:49:43.887,0.016966,11.000,5.500,100.00,DAMAGED,ANALYSIS
